33
Samsung Galaxy S10 Plus 128GB|G975F Dual Sim 128 Gb 8G. Features nearly bezel-less, all-screen Infinity-O display. The laser-cut hole in the front corner of the display accommodates the 10MP dual-pixel wide-angle selfie camera. The screen itself is a huge 6.4 Quad HD+ Dynamic AMOLED infinity Display. The Infinity-O display also houses impressive mobile security with a built-in ultrasonic fingerprint reader.|Prism White|South Korea|999.0|500.0|90|30|
Samsung Galaxy S10 Plus 128GB|G975F Dual Sim 128 Gb 8G. Features nearly bezel-less, all-screen Infinity-O display. The laser-cut hole in the front corner of the display accommodates the 10MP dual-pixel wide-angle selfie camera. The screen itself is a huge 6.4 Quad HD+ Dynamic AMOLED infinity Display. The Infinity-O display also houses impressive mobile security with a built-in ultrasonic fingerprint reader.|Prism Green|South Korea|999.0|500.0|100|30|
Samsung Galaxy S10 Plus 128GB|G975F Dual Sim 128 Gb 8G. Features nearly bezel-less, all-screen Infinity-O display. The laser-cut hole in the front corner of the display accommodates the 10MP dual-pixel wide-angle selfie camera. The screen itself is a huge 6.4 Quad HD+ Dynamic AMOLED infinity Display. The Infinity-O display also houses impressive mobile security with a built-in ultrasonic fingerprint reader.|Prism Blue|South Korea|999.0|500.0|33|30|
Samsung Galaxy S10e|Stands for 'essential'. It pack almost everything the S10 and S10 Plus have, but at a lower price. Features a 5.8-inch screen, the same two primary cameras, and and all-day battery life. Does not include the third lens, the curved edges, and the in-screen fingerprint sensor.|Prism Green|South Korea|750.0|200.0|150|50|
Samsung Galaxy S10e|Stands for 'essential'. It pack almost everything the S10 and S10 Plus have, but at a lower price. Features a 5.8-inch screen, the same two primary cameras, and and all-day battery life. Does not include the third lens, the curved edges, and the in-screen fingerprint sensor.|Prism Blue|South Korea|750.0|200.0|150|50|
Samsung Galaxy S10e|Stands for 'essential'. It pack almost everything the S10 and S10 Plus have, but at a lower price. Features a 5.8-inch screen, the same two primary cameras, and and all-day battery life. Does not include the third lens, the curved edges, and the in-screen fingerprint sensor.|Canary Yellow|South Korea|750.0|200.0|150|50|
Samsung Galaxy S10 Plus 512GB|G975F Dual Sim 128 Gb 8G. Features nearly bezel-less, all-screen Infinity-O display. The laser-cut hole in the front corner of the display accommodates the 10MP dual-pixel wide-angle selfie camera. The screen itself is a huge 6.4 Quad HD+ Dynamic AMOLED infinity Display. The Infinity-O display also houses impressive mobile security with a built-in ultrasonic fingerprint reader.|Prism White|South Korea|1249.0|500.0|100|30|
Samsung Galaxy S10 Plus 512GB|G975F Dual Sim 128 Gb 8G. Features nearly bezel-less, all-screen Infinity-O display. The laser-cut hole in the front corner of the display accommodates the 10MP dual-pixel wide-angle selfie camera. The screen itself is a huge 6.4 Quad HD+ Dynamic AMOLED infinity Display. The Infinity-O display also houses impressive mobile security with a built-in ultrasonic fingerprint reader.|Prism Green|South Korea|1249.0|500.0|50|30|
Samsung Galaxy S10 Plus 512GB|G975F Dual Sim 128 Gb 8G. Features nearly bezel-less, all-screen Infinity-O display. The laser-cut hole in the front corner of the display accommodates the 10MP dual-pixel wide-angle selfie camera. The screen itself is a huge 6.4 Quad HD+ Dynamic AMOLED infinity Display. The Infinity-O display also houses impressive mobile security with a built-in ultrasonic fingerprint reader.|Prism Blue|South Korea|1249.0|500.0|40|30|
Samsung Galaxy S7 32GB|Features single 4K back camera and a 2K quality front camera. IP-68 water and dust resistance and gorilla glass guarantee the safety of your phone. The back is a beautiful glass-like. Offers an always on display feature|Blue Coral|South Korea|899.0|300.0|15|10|
Samsung Galaxy S7 64GB|Features single 4K back camera and a 2K quality front camera. IP-68 water and dust resistance and gorilla glass guarantee the safety of your phone. The back is a beautiful glass-like. Offers an always on display feature|Black Onyx|South Korea|899.0|300.0|15|10|
Samsung Galaxy S7 Edge 32GB|Features single 4K back camera and a 2K quality front camera. IP-68 water and dust resistance and gorilla glass guarantee the safety of your phone. The back is a beautiful glass-like. The sides of the screen has a nice curved edge. Offers an always on display feature|Blue Coral|South Korea|999.0|400.0|20|10|
Samsung Galaxy S7 Edge 32GB|Features single 4K back camera and a 2K quality front camera. IP-68 water and dust resistance and gorilla glass guarantee the safety of your phone. The back is a beautiful glass-like. The sides of the screen has a nice curved edge. Offers an always on display feature|Black Onyx|South Korea|999.0|400.0|30|10|
Samsung Galaxy S7 Edge 64GB|Features single 4K back camera and a 2K quality front camera. IP-68 water and dust resistance and gorilla glass guarantee the safety of your phone. The back is a beautiful glass-like. The sides of the screen has a nice curved edge. Offers an always on display feature|Gold Platinum|South Korea|999.0|400.0|20|10|
Samsung Galaxy S7 Edge 64GB|Features single 4K back camera and a 2K quality front camera. IP-68 water and dust resistance and gorilla glass guarantee the safety of your phone. The back is a beautiful glass-like. The sides of the screen has a nice curved edge. Offers an always on display feature|White Pearl|South Korea|999.0|400.0|20|10|
Samsung Galaxy S6 32GB|Features a 5.1" Quad HD Super AMOLED display, 2560x1440. Comes with Andoird 5 (lollipop) and an AP. Exynos 7420, Octa core (2.1 Ghz Quad + 1.5Ghz Quad). The battery is 2550mah and 3GB ram of memory. The rear camera is 2K 16MP F1.9 and front camera is 1080p 5MP F1.9|White Pearl|South Korea|348.0|100.0|10|10|
Samsung Galaxy S6 32GB|Features a 5.1" Quad HD Super AMOLED display, 2560x1440. Comes with Andoird 5 (lollipop) and an AP. Exynos 7420, Octa core (2.1 Ghz Quad + 1.5Ghz Quad). The battery is 2550mah and 3GB ram of memory. The rear camera is 2K 16MP F1.9 and front camera is 1080p 5MP F1.9|Black Sapphire|South Korea|348.0|100.0|20|10|
Samsung Galaxy S6 32GB|Features a 5.1" Quad HD Super AMOLED display, 2560x1440. Comes with Andoird 5 (lollipop) and an AP. Exynos 7420, Octa core (2.1 Ghz Quad + 1.5Ghz Quad). The battery is 2550mah and 3GB ram of memory. The rear camera is 2K 16MP F1.9 and front camera is 1080p 5MP F1.9|Gold Platinum|South Korea|348.0|100.0|15|10|
Apple iPhone 11 Pro Max 64GB|Features a 6.5-inch Super Retina XDR OLED display, IP-68 water and dust resistance, a triple camera system with 12MP Ultra wide and telephoto cameras, night mode, portrait mode, and 4K videos up to 60fps. Also has a 12MP truedepth front camera with portrait mode, 4K video and slo-mo. The A13 bionic chip and ios 13 ensure a fast and smooth experience.|Space Gray|China|2099.0|600.0|100|30|
Apple iPhone 11 Pro Max 64GB|Features a 6.5-inch Super Retina XDR OLED display, IP-68 water and dust resistance, a triple camera system with 12MP Ultra wide and telephoto cameras, night mode, portrait mode, and 4K videos up to 60fps. Also has a 12MP truedepth front camera with portrait mode, 4K video and slo-mo. The A13 bionic chip and ios 13 ensure a fast and smooth experience.|Midnight Green|China|2099.0|600.0|100|30|
Apple iPhone 11 Pro Max 64GB|Features a 6.5-inch Super Retina XDR OLED display, IP-68 water and dust resistance, a triple camera system with 12MP Ultra wide and telephoto cameras, night mode, portrait mode, and 4K videos up to 60fps. Also has a 12MP truedepth front camera with portrait mode, 4K video and slo-mo. The A13 bionic chip and ios 13 ensure a fast and smooth experience.|Silver|China|2099.0|600.0|100|30|
Apple iPhone 11 Pro Max 64GB|Features a 6.5-inch Super Retina XDR OLED display, IP-68 water and dust resistance, a triple camera system with 12MP Ultra wide and telephoto cameras, night mode, portrait mode, and 4K videos up to 60fps. Also has a 12MP truedepth front camera with portrait mode, 4K video and slo-mo. The A13 bionic chip and ios 13 ensure a fast and smooth experience.|Gold|China|2099.0|600.0|10|30|
Apple iPhone 11 Pro Max 64GB|Features a 6.5-inch Super Retina XDR OLED display, IP-68 water and dust resistance, a triple camera system with 12MP Ultra wide and telephoto cameras, night mode, portrait mode, and 4K videos up to 60fps. Also has a 12MP truedepth front camera with portrait mode, 4K video and slo-mo. The A13 bionic chip and ios 13 ensure a fast and smooth experience.|Gold|China|2099.0|600.0|10|30|
Huawei P30 128GB|Powered by Octa core which is a 2.6Ghz, dual core, Cortex A73 + 1.92Ghz, Dual core, Cortex A76 + 1.8Ghz, Quad core, Cortex A53 processor. It runs on the HiSilicon Kirin 980 chipset, 6GB ram and OLED display|Black|China|818.0|418.0|50|70|
Huawei P30 128GB|Powered by Octa core which is a 2.6Ghz, dual core, Cortex A73 + 1.92Ghz, Dual core, Cortex A76 + 1.8Ghz, Quad core, Cortex A53 processor. It runs on the HiSilicon Kirin 980 chipset, 6GB ram and OLED display|Pearl White|China|818.0|418.0|50|70|
Huawei P30 128GB|Powered by Octa core which is a 2.6Ghz, dual core, Cortex A73 + 1.92Ghz, Dual core, Cortex A76 + 1.8Ghz, Quad core, Cortex A53 processor. It runs on the HiSilicon Kirin 980 chipset, 6GB ram and OLED display|Aurora|China|818.0|418.0|40|70|
Huawei P30 128GB|Powered by Octa core which is a 2.6Ghz, dual core, Cortex A73 + 1.92Ghz, Dual core, Cortex A76 + 1.8Ghz, Quad core, Cortex A53 processor. It runs on the HiSilicon Kirin 980 chipset, 6GB ram and OLED display|Amber Sunrise|China|818.0|418.0|25|70|
Huawei P30 pro 128GB|Features a 6.47-inch , 398ppi and 2K screen and the Kirin 980 CPU. Comes with 6GB/8GB ram and 4200 mAh battery. Has 3 rear cameras, 40MP, 20MP, and 8MP. The single front camera is 32MP.|Black|China|1099.0|500.0|30|15|
Huawei P30 pro 128GB|Features a 6.47-inch , 398ppi and 2K screen and the Kirin 980 CPU. Comes with 6GB/8GB ram and 4200 mAh battery. Has 3 rear cameras, 40MP, 20MP, and 8MP. The single front camera is 32MP.|Pearl White|China|1099.0|500.0|10|15|
Huawei P30 pro 128GB|Features a 6.47-inch , 398ppi and 2K screen and the Kirin 980 CPU. Comes with 6GB/8GB ram and 4200 mAh battery. Has 3 rear cameras, 40MP, 20MP, and 8MP. The single front camera is 32MP.|Aurota|China|1099.0|500.0|20|15|
OnePlus 7 Pro 128GB|Features a 6.41-inch Full HD+ Optic AMOLED screen with a Snapdragon 855 cpu. Has 6gb/8gb of ram and a 3700mAh battery. Has a dual camera set up consisting of a 48MP f1.7 cameras with built in Optical Image Stabilisation and Electronic Image Stabilization. The front camera has been removed from the front screen and emedded in the phone, and pops out from the top whenever a selfie is to be taken|Almond|China|993.0|400.0|20|30|
OnePlus 7 Pro 128GB|Features a 6.41-inch Full HD+ Optic AMOLED screen with a Snapdragon 855 cpu. Has 6gb/8gb of ram and a 3700mAh battery. Has a dual camera set up consisting of a 48MP f1.7 cameras with built in Optical Image Stabilisation and Electronic Image Stabilization. The front camera has been removed from the front screen and emedded in the phone, and pops out from the top whenever a selfie is to be taken|Nebula Blue|China|993.0|400.0|36|30|
OnePlus 7 Pro 128GB|Features a 6.41-inch Full HD+ Optic AMOLED screen with a Snapdragon 855 cpu. Has 6gb/8gb of ram and a 3700mAh battery. Has a dual camera set up consisting of a 48MP f1.7 cameras with built in Optical Image Stabilisation and Electronic Image Stabilization. The front camera has been removed from the front screen and emedded in the phone, and pops out from the top whenever a selfie is to be taken|Mirror Gray|China|993.0|400.0|15|30|
